date,CPI_Inflation_YoY,Interest_Rate
1955-07-01,-0.37230081906179935,1.68
1955-08-01,-0.484171322160154,1.96
1955-09-01,0.14919806042521522,2.18
1955-10-01,0.37425149700598404,2.24
1955-11-01,0.37341299477220424,2.35
1955-12-01,0.37355248412402897,2.48
1956-01-01,0.22413149047439962,2.45
1956-02-01,0.1491424310216205,2.5
1956-03-01,0.3732736095558131,2.5
1956-04-01,0.5225830533781339,2.62
1956-05-01,0.9712364587224576,2.75
1956-06-01,1.647323099962561,2.71
1956-07-01,1.9805680119581393,2.75
1956-08-01,2.208083832335328,2.73
1956-09-01,1.862197392923659,2.95
1956-10-01,2.572706935123037,2.96
1956-11-01,2.34375,2.88
1956-12-01,2.828433196873825,2.94
1957-01-01,3.130823704808061,2.84
1957-02-01,3.4996276991809516,3.0
1957-03-01,3.607288955001864,2.96
1957-04-01,3.713330857779429,3.0
1957-05-01,3.588605253422128,3.0
1957-06-01,3.53591160220994,3.0
1957-07-01,3.2979113228288837,2.99
1957-08-01,3.551812522885389,3.24
1957-09-01,3.546617915904937,3.47
1957-10-01,2.944383860414379,3.5
1957-11-01,3.271537622682663,3.28
1957-12-01,3.0401737242128135,2.98
1958-01-01,3.5056017347307566,2.72
1958-02-01,3.237410071942448,1.67
1958-03-01,3.6252692031586653,1.2
1958-04-01,3.6161833154314316,1.26
1958-05-01,3.3571428571428585,0.63
1958-06-01,2.8459622909996485,0.93
1958-07-01,2.483150053210359,0.68
1958-08-01,2.333804809052342,1.53
1958-09-01,2.083333333333326,1.76
1958-10-01,2.083333333333326,1.8
1958-11-01,1.9007391763463444,2.27
1958-12-01,1.7562346329469625,2.42
1959-01-01,1.2918994413407825,2.48
1959-02-01,1.0452961672473782,2.43
1959-03-01,0.3463803255975062,2.8
1959-04-01,0.13821700069107656,2.96
1959-05-01,0.3455425017277136,2.9
1959-06-01,0.6918021445866396,3.39
1959-07-01,0.8999653859466772,3.47
1959-08-01,0.8293020041465038,3.5
1959-09-01,1.1760636457972984,3.76
1959-10-01,1.5219647180906293,3.98
1959-11-01,1.3816925734024155,4.0
1959-12-01,1.5188125647221273,3.99
1960-01-01,1.2409513960703222,3.99
1960-02-01,1.4137931034482687,3.97
1960-03-01,1.5188125647221273,3.84
1960-04-01,1.9323671497584405,3.92
1960-05-01,1.8250688705234275,3.85
1960-06-01,1.7176228100309165,3.32
1960-07-01,1.3722126929674117,3.23
1960-08-01,1.473612063056895,2.98
1960-09-01,1.2307692307692353,2.6
1960-10-01,1.3628620102214661,2.47
1960-11-01,1.4650766609880739,2.44
1960-12-01,1.3600816048962905,1.98
1961-01-01,1.6002723867892366,1.45
1961-02-01,1.4620877252635056,2.54
1961-03-01,1.4620877252635056,2.02
1961-04-01,0.9140148950575577,1.49
1961-05-01,0.9130875887723988,1.98
1961-06-01,0.7767646065518496,1.73
1961-07-01,1.25211505922167,1.17
1961-08-01,1.1144883485309176,2.0
1961-09-01,1.249577845322536,1.88
1961-10-01,0.7731092436974896,2.26
1961-11-01,0.671591672263272,2.61
1961-12-01,0.6709158000671067,2.33
1962-01-01,0.6702412868632601,2.15
1962-02-01,0.9048257372654245,2.37
1962-03-01,1.1058981233244003,2.85
1962-04-01,1.3418316001341912,2.78
1962-05-01,1.3404825737265424,2.36
1962-06-01,1.2399463806970434,2.68
1962-07-01,1.0026737967914423,2.71
1962-08-01,1.135604542418167,2.93
1962-09-01,1.4676450967311627,2.9
1962-10-01,1.3342228152101399,2.9
1962-11-01,1.3342228152101399,2.94
1962-12-01,1.2329223592135952,2.93
1963-01-01,1.331557922769644,2.92
1963-02-01,1.2288276320159497,3.0
1963-03-01,1.1269472986410234,2.98
1963-04-01,0.893743793445867,2.9
1963-05-01,0.8928571428571619,3.0
1963-06-01,1.3240648791790655,2.99
1963-07-01,1.5552614162806178,3.02
1963-08-01,1.5521796565389767,3.49
1963-09-01,0.9861932938855844,3.48
1963-10-01,1.2179065174456882,3.5
1963-11-01,1.3166556945358954,3.48
1963-12-01,1.6458196181698526,3.38
1964-01-01,1.6425755584756896,3.48
1964-02-01,1.4107611548556331,3.48
1964-03-01,1.4093739757456536,3.43
1964-04-01,1.5419947506561726,3.47
1964-05-01,1.5404785316289749,3.5
1964-06-01,1.3067624959163693,3.5
1964-07-01,1.0752688172043001,3.42
1964-08-01,0.9756097560975618,3.5
1964-09-01,1.171875,3.45
1964-10-01,1.2032520325203189,3.36
1964-11-01,1.3970110461338558,3.52
1964-12-01,1.1981865284974136,3.85
1965-01-01,1.098901098901095,3.9
1965-02-01,1.1970236169524417,3.98
1965-03-01,1.1958629605688387,4.05
1965-04-01,1.3893376413570246,4.09
1965-05-01,1.6139444803098701,4.1
1965-06-01,1.9348597226700903,4.05
1965-07-01,1.8052869116698789,4.09
1965-08-01,1.6103059581320522,4.12
1965-09-01,1.737451737451745,4.02
1965-10-01,1.7030848329048665,4.08
1965-11-01,1.7302146747837144,4.1
1965-12-01,1.9200000000000106,4.32
1966-01-01,1.9181585677749302,4.42
1966-02-01,2.5575447570332477,4.6
1966-03-01,2.7786649632705274,4.66
1966-04-01,2.8680688336520044,4.67
1966-05-01,2.763659466327839,4.9
1966-06-01,2.4359379943056148,5.17
1966-07-01,2.754908169727699,5.3
1966-08-01,3.4865293185419866,5.53
1966-09-01,3.5736875395319334,5.4
1966-10-01,3.791469194312813,5.53
1966-11-01,3.5590551181102548,5.76
1966-12-01,3.3594976452119285,5.4
1967-01-01,3.19949811794229,4.94
1967-02-01,2.8678304239401653,5.0
1967-03-01,2.5481665630826544,4.53
1967-04-01,2.5402726146220633,4.05
1967-05-01,2.3183925811437467,3.94
1967-06-01,2.8412600370598895,3.98
1967-07-01,2.9275808936825687,3.79
1967-08-01,2.6033690658499253,3.9
1967-09-01,2.595419847328251,3.99
1967-10-01,2.5875190258751957,3.88
1967-11-01,3.10218978102188,4.13
1967-12-01,3.280680437424044,4.51
1968-01-01,3.647416413373872,4.61
1968-02-01,3.6363636363636376,4.71
1968-03-01,3.9393939393939315,5.05
1968-04-01,3.92749244712991,5.76
1968-05-01,4.229607250755274,6.12
1968-06-01,4.2042042042042205,6.07
1968-07-01,4.491017964071853,6.03
1968-08-01,4.477611940298498,6.03
1968-09-01,4.464285714285721,5.78
1968-10-01,4.7477744807121525,5.91
1968-11-01,4.424778761061954,5.82
1968-12-01,4.705882352941182,6.02
1969-01-01,4.692082111436946,6.3
1969-02-01,4.678362573099393,6.61
1969-03-01,5.247813411078739,6.79
1969-04-01,5.523255813953476,7.41
1969-05-01,5.507246376811592,8.67
1969-06-01,5.475504322766556,8.9
1969-07-01,5.4441260744985565,8.61
1969-08-01,5.428571428571427,9.19
1969-09-01,5.698005698005693,9.15
1969-10-01,5.665722379603411,9.0
1969-11-01,5.932203389830515,8.85
1969-12-01,5.89887640449438,8.97
1970-01-01,6.162464985994376,8.98
1970-02-01,6.424581005586605,8.98
1970-03-01,6.094182825484751,7.76
1970-04-01,6.060606060606077,8.1
1970-05-01,6.043956043956045,7.95
1970-06-01,6.010928961748618,7.61
1970-07-01,5.7065217391304435,7.21
1970-08-01,5.691056910569103,6.62
1970-09-01,5.660377358490565,6.29
1970-10-01,5.630026809651478,6.2
1970-11-01,5.600000000000005,5.6
1970-12-01,5.570291777188308,4.9
1971-01-01,5.277044854881274,4.14
1971-02-01,4.724409448818889,3.72
1971-03-01,4.438642297650142,3.71
1971-04-01,4.155844155844157,4.16
1971-05-01,4.404145077720201,4.63
1971-06-01,4.381443298969079,4.91
1971-07-01,4.370179948586128,5.31
1971-08-01,4.358974358974366,5.57
1971-09-01,4.081632653061207,5.55
1971-10-01,3.8071065989847774,5.2
1971-11-01,3.535353535353525,4.91
1971-12-01,3.266331658291466,4.14
1972-01-01,3.2581453634085378,3.51
1972-02-01,3.759398496240607,3.3
1972-03-01,3.499999999999992,3.83
1972-04-01,3.4912718204488824,4.17
1972-05-01,3.2258064516129226,4.27
1972-06-01,2.9629629629629672,4.46
1972-07-01,2.9556650246305383,4.55
1972-08-01,2.9484029484029284,4.81
1972-09-01,3.1862745098039325,4.87
1972-10-01,3.1784841075794823,5.05
1972-11-01,3.4146341463414664,5.06
1972-12-01,3.406326034063256,5.33
1973-01-01,3.6407766990291357,5.94
1973-02-01,3.864734299516903,6.58
1973-03-01,4.8309178743961345,7.09
1973-04-01,5.301204819277117,7.12
1973-05-01,5.528846153846145,7.84
1973-06-01,5.995203836930463,8.49
1973-07-01,5.741626794258381,10.4
1973-08-01,7.398568019093088,10.5
1973-09-01,7.3634204275534465,10.78
1973-10-01,8.056872037914697,10.01
1973-11-01,8.25471698113207,10.03
1973-12-01,8.94117647058823,9.95
1974-01-01,9.601873536299754,9.65
1974-02-01,9.999999999999986,8.97
1974-03-01,10.138248847926267,9.35
1974-04-01,10.068649885583515,10.51
1974-05-01,10.70615034168565,11.31
1974-06-01,10.859728506787313,11.93
1974-07-01,11.538461538461519,12.92
1974-08-01,10.888888888888882,12.01
1974-09-01,11.946902654867241,11.34
1974-10-01,11.842105263157897,10.06
1974-11-01,12.200435729847502,9.45
1974-12-01,12.095032397408211,8.53
1975-01-01,11.752136752136755,7.13
1975-02-01,11.205073995771686,6.24
1975-03-01,10.460251046025103,5.54
1975-04-01,10.187110187110182,5.49
1975-05-01,9.259259259259256,5.22
1975-06-01,9.183673469387754,5.55
1975-07-01,9.533468559837743,6.1
1975-08-01,8.617234468937895,6.14
1975-09-01,7.905138339920947,6.24
1975-10-01,7.647058823529407,5.82
1975-11-01,7.37864077669903,5.22
1975-12-01,7.129094412331405,5.2
1976-01-01,6.692160611854692,4.87
1976-02-01,6.273764258555126,4.77
1976-03-01,6.060606060606055,4.84
1976-04-01,5.849056603773595,4.82
1976-05-01,6.214689265536721,5.29
1976-06-01,5.981308411214958,5.48
1976-07-01,5.555555555555558,5.31
1976-08-01,5.719557195571956,5.29
1976-09-01,5.494505494505497,5.25
1976-10-01,5.464480874316946,5.02
1976-11-01,5.063291139240511,4.95
1976-12-01,5.035971223021574,4.65
1977-01-01,5.197132616487465,4.61
1977-02-01,6.082289803220031,4.68
1977-03-01,6.428571428571428,4.69
1977-04-01,6.951871657754016,4.73
1977-05-01,6.737588652482285,5.35
1977-06-01,6.701940035273357,5.39
1977-07-01,6.666666666666665,5.42
1977-08-01,6.631762652705064,5.9
1977-09-01,6.423611111111094,6.14
1977-10-01,6.390328151986191,6.47
1977-11-01,6.712564543889843,6.51
1977-12-01,6.67808219178081,6.56
1978-01-01,6.814310051107331,6.7
1978-02-01,6.2394603709949426,6.78
1978-03-01,6.375838926174482,6.79
1978-04-01,6.499999999999995,6.89
1978-05-01,7.14285714285714,7.36
1978-06-01,7.438016528925617,7.6
1978-07-01,7.7302631578947345,7.81
1978-08-01,7.855973813420625,8.04
1978-09-01,8.482871125611746,8.45
1978-10-01,8.92857142857142,8.96
1978-11-01,8.870967741935477,9.76
1978-12-01,8.988764044943842,10.03
1979-01-01,9.250398724082931,10.07
1979-02-01,9.84126984126985,10.06
1979-03-01,10.252365930599371,10.09
1979-04-01,10.485133020344284,10.01
1979-05-01,10.697674418604652,10.24
1979-06-01,11.076923076923073,10.29
1979-07-01,11.45038167938932,10.47
1979-08-01,11.836115326251884,10.94
1979-09-01,11.879699248120312,11.43
1979-10-01,12.071535022354718,13.77
1979-11-01,12.592592592592599,13.18
1979-12-01,13.254786450662737,13.78
1980-01-01,13.868613138686126,13.82
1980-02-01,14.161849710982644,14.13
1980-03-01,14.592274678111572,17.19
1980-04-01,14.589235127478762,17.61
1980-05-01,14.425770308123242,10.98
1980-06-01,14.265927977839322,9.47
1980-07-01,13.15068493150684,9.03
1980-08-01,12.890094979647216,9.61
1980-09-01,12.768817204301076,10.87
1980-10-01,12.632978723404253,12.81
1980-11-01,12.631578947368416,15.85
1980-12-01,12.353706111833551,18.9
1981-01-01,11.794871794871797,19.08
1981-02-01,11.392405063291132,15.93
1981-03-01,10.611735330836458,14.7
1981-04-01,10.135970333745359,15.72
1981-05-01,9.79192166462668,18.52
1981-06-01,9.696969696969692,19.1
1981-07-01,10.774818401937058,19.04
1981-08-01,10.817307692307686,17.82
1981-09-01,10.96543504171632,15.87
1981-10-01,10.271546635182993,15.08
1981-11-01,9.579439252336464,13.31
1981-12-01,8.912037037037024,12.37
1982-01-01,8.25688073394495,13.22
1982-02-01,7.613636363636367,14.78
1982-03-01,6.884875846501148,14.68
1982-04-01,6.621773288439958,14.94
1982-05-01,6.911928651059096,14.45
1982-06-01,7.182320441988943,14.15
1982-07-01,6.557377049180335,12.59
1982-08-01,5.965292841648595,10.12
1982-09-01,4.940923737916236,10.31
1982-10-01,5.032119914346889,9.71
1982-11-01,4.47761194029852,9.2
1982-12-01,3.825717321997879,8.95
1983-01-01,3.7076271186440746,8.68
1983-02-01,3.484688489968324,8.51
1983-03-01,3.5902851108764455,8.77
1983-04-01,4.0000000000000036,8.8
1983-05-01,3.44108446298228,8.63
1983-06-01,2.4742268041237248,8.98
1983-07-01,2.358974358974364,9.37
1983-08-01,2.456499488229258,9.56
1983-09-01,2.763561924257929,9.45
1983-10-01,2.752293577981657,9.48
1983-11-01,3.1632653061224536,9.34
1983-12-01,3.7871033776867957,9.47
1984-01-01,4.290091930541351,9.56
1984-02-01,4.693877551020398,9.59
1984-03-01,4.892966360856277,9.91
1984-04-01,4.5546558704453455,10.29
1984-05-01,4.3346774193548265,10.32
1984-06-01,4.325955734406439,11.06
1984-07-01,4.308617234468937,11.23
1984-08-01,4.295704295704317,11.64
1984-09-01,4.2828685258964105,11.3
1984-10-01,4.265873015873023,9.99
1984-11-01,4.154302670623156,9.43
1984-12-01,4.043392504930954,8.38
1985-01-01,3.52595494613126,8.35
1985-02-01,3.6062378167641462,8.5
1985-03-01,3.790087463556846,8.58
1985-04-01,3.581800580832528,8.27
1985-05-01,3.5748792270531515,7.97
1985-06-01,3.6644165863066513,7.53
1985-07-01,3.458213256484166,7.88
1985-08-01,3.3524904214559337,7.9
1985-09-01,3.2473734479465,7.92
1985-10-01,3.2350142721217834,7.99
1985-11-01,3.5137701804368593,8.05
1985-12-01,3.791469194312791,8.27
1986-01-01,3.9735099337748325,8.14
1986-02-01,3.19849482596426,7.86
1986-03-01,2.1535580524344455,7.48
1986-04-01,1.5887850467289688,6.99
1986-05-01,1.679104477611948,6.85
1986-06-01,1.7674418604651132,6.92
1986-07-01,1.671309192200554,6.56
1986-08-01,1.575532900834098,6.17
1986-09-01,1.757631822386685,5.89
1986-10-01,1.5668202764977046,5.85
1986-11-01,1.2844036697247763,6.04
1986-12-01,1.187214611872145,6.91
1987-01-01,1.364877161055511,6.43
1987-02-01,1.9143117593436676,6.1
1987-03-01,2.8414298808432603,6.13
1987-04-01,3.679852805887762,6.37
1987-05-01,3.669724770642202,6.85
1987-06-01,3.7477148080438782,6.73
1987-07-01,3.926940639269394,6.58
1987-08-01,4.2883211678832245,6.73
1987-09-01,4.2727272727272725,7.22
1987-10-01,4.355716878402904,7.29
1987-11-01,4.528985507246386,6.69
1987-12-01,4.332129963898912,6.77
1988-01-01,4.129263913824044,6.83
1988-02-01,3.9355992844364973,6.58
1988-03-01,3.832442067736186,6.58
1988-04-01,3.9929015084294583,6.87
1988-05-01,3.9823008849557473,7.09
1988-06-01,3.96475770925111,7.51
1988-07-01,4.130052724077338,7.75
1988-08-01,4.111986001749779,8.01
1988-09-01,4.184829991281602,8.19
1988-10-01,4.260869565217407,8.3
1988-11-01,4.246100519930662,8.35
1988-12-01,4.4117647058823595,8.76
1989-01-01,4.482758620689653,9.12
1989-02-01,4.647160068846801,9.36
1989-03-01,4.892703862660941,9.85
1989-04-01,5.034129692832767,9.84
1989-05-01,5.276595744680845,9.81
1989-06-01,5.1694915254237195,9.53
1989-07-01,5.063291139240511,9.24
1989-08-01,4.621848739495804,8.99
1989-09-01,4.435146443514637,9.02
1989-10-01,4.587155963302747,8.84
1989-11-01,4.655029093931851,8.55
1989-12-01,4.639602319801162,8.45
1990-01-01,5.198019801980203,8.23
1990-02-01,5.263157894736836,8.24
1990-03-01,5.237315875613735,8.28
1990-04-01,4.711616571892785,8.26
1990-05-01,4.365400161681476,8.18
1990-06-01,4.673650282030639,8.29
1990-07-01,4.819277108433728,8.15
1990-08-01,5.702811244979911,8.13
1990-09-01,6.169871794871806,8.2
1990-10-01,6.379585326953752,8.11
1990-11-01,6.195393169181873,7.81
1990-12-01,6.254948535233562,7.31
1991-01-01,5.647058823529405,6.91
1991-02-01,5.312500000000009,6.25
1991-03-01,4.821150855365497,6.12
1991-04-01,4.809930178432875,5.91
1991-05-01,5.034856700232382,5.78
1991-06-01,4.695919938414161,5.9
1991-07-01,4.367816091954024,5.82
1991-08-01,3.7993920972644313,5.66
1991-09-01,3.396226415094339,5.45
1991-10-01,2.8485757121439192,5.21
1991-11-01,3.0665669409125185,4.81
1991-12-01,2.980625931445613,4.43
1992-01-01,2.672605790645899,4.03
1992-02-01,2.8189910979228294,4.06
1992-03-01,3.189910979228472,3.98
1992-04-01,3.1828275351591495,3.73
1992-05-01,3.0235988200590036,3.82
1992-06-01,3.0147058823529305,3.76
1992-07-01,3.1571218795888534,3.25
1992-08-01,3.0746705710102518,3.3
1992-09-01,2.9927007299270114,3.22
1992-10-01,3.279883381924198,3.1
1992-11-01,3.1204644412191396,3.09
1992-12-01,2.966714905933454,2.92
1993-01-01,3.2537960954446943,3.02
1993-02-01,3.2467532467532534,3.03
1993-03-01,3.0194104960460155,3.07
1993-04-01,3.1563845050215145,2.96
1993-05-01,3.2211882605583497,3.0
1993-06-01,2.9978586723768963,3.04
1993-07-01,2.8469750889679624,3.06
1993-08-01,2.840909090909083,3.03
1993-09-01,2.7639971651311157,3.09
1993-10-01,2.752293577981657,2.99
1993-11-01,2.7445460942997935,3.02
1993-12-01,2.8109627547435068,2.96
1994-01-01,2.450980392156854,3.05
1994-02-01,2.515723270440251,3.25
1994-03-01,2.6517794836008246,3.34
1994-04-01,2.364394993045882,3.56
1994-05-01,2.288488210818307,4.01
1994-06-01,2.494802494802495,4.25
1994-07-01,2.69896193771626,4.26
1994-08-01,2.900552486187835,4.47
1994-09-01,2.965517241379323,4.73
1994-10-01,2.609890109890123,4.76
1994-11-01,2.602739726027403,5.29
1994-12-01,2.597402597402576,5.45
1995-01-01,2.8708133971291794,5.53
1995-02-01,2.862985685071595,5.92
1995-03-01,2.7872195785180187,5.98
1995-04-01,3.125000000000022,6.05
1995-05-01,3.1186440677966054,6.01
1995-06-01,3.0425963488843744,6.0
1995-07-01,2.8301886792452713,5.85
1995-08-01,2.6174496644295386,5.74
1995-09-01,2.54521098459477,5.8
1995-10-01,2.7443105756358666,5.76
1995-11-01,2.603471295060067,5.8
1995-12-01,2.5316455696202667,5.6
1996-01-01,2.7906976744185963,5.56
1996-02-01,2.717031146454607,5.22
1996-03-01,2.8439153439153486,5.31
1996-04-01,2.832674571805005,5.22
1996-05-01,2.827087442472065,5.24
1996-06-01,2.8215223097112663,5.27
1996-07-01,2.8833551769331667,5.4
1996-08-01,2.8122956180510084,5.22
1996-09-01,3.0045721750489918,5.3
1996-10-01,3.0618892508143203,5.24
1996-11-01,3.2530904359141077,5.31
1996-12-01,3.378817413905133,5.29
1997-01-01,3.0381383322559907,5.25
1997-02-01,3.0322580645161246,5.19
1997-03-01,2.7652733118971096,5.39
1997-04-01,2.434336963484962,5.51
1997-05-01,2.237851662404089,5.5
1997-06-01,2.233567326100827,5.56
1997-07-01,2.165605095541401,5.52
1997-08-01,2.2900763358778775,5.54
1997-09-01,2.21940393151554,5.54
1997-10-01,2.0859671302149163,5.5
1997-11-01,1.8903591682419618,5.52
1997-12-01,1.6970458830924073,5.5
1998-01-01,1.6311166875784044,5.56
1998-02-01,1.440200375704448,5.51
1998-03-01,1.3767209011263937,5.49
1998-04-01,1.4383989993745905,5.45
1998-05-01,1.6885553470919357,5.49
1998-06-01,1.6229712858926382,5.56
1998-07-01,1.74563591022443,5.54
1998-08-01,1.6169154228855787,5.55
1998-09-01,1.4267990074441794,5.51
1998-10-01,1.4860681114551078,5.07
1998-11-01,1.4842300556586308,4.83
1998-12-01,1.606922126081578,4.68
1999-01-01,1.6666666666666607,4.63
1999-02-01,1.6666666666666607,4.76
1999-03-01,1.7283950617283939,4.81
1999-04-01,2.281134401972884,4.74
1999-05-01,2.091020910209096,4.74
1999-06-01,1.9656019656019597,4.76
1999-07-01,2.1446078431372584,4.99
1999-08-01,2.2643818849449104,5.07
1999-09-01,2.629969418960254,5.22
1999-10-01,2.56253813300793,5.2
1999-11-01,2.6203534430225606,5.42
1999-12-01,2.676399026763998,5.3
2000-01-01,2.792956891317555,5.45
2000-02-01,3.2179720704310855,5.73
2000-03-01,3.762135922330101,5.85
2000-04-01,3.013863773357439,6.02
2000-05-01,3.1325301204819134,6.27
2000-06-01,3.7349397590361377,6.53
2000-07-01,3.5992801439711952,6.54
2000-08-01,3.3512866546977715,6.5
2000-09-01,3.45649582836709,6.52
2000-10-01,3.4503271861986873,6.51
2000-11-01,3.444180522565321,6.51
2000-12-01,3.4360189573459543,6.4
2001-01-01,3.7212049616065945,5.98
2001-02-01,3.529411764705892,5.49
2001-03-01,2.9824561403508643,5.31
2001-04-01,3.2182562902282053,4.8
2001-05-01,3.5630841121495394,4.21
2001-06-01,3.193960511033689,3.97
2001-07-01,2.7214823393167498,3.77
2001-08-01,2.7214823393167498,3.65
2001-09-01,2.5921658986175045,3.07
2001-10-01,2.127659574468077,2.49
2001-11-01,1.894374282433997,2.09
2001-12-01,1.603665521191311,1.82
2002-01-01,1.1958997722095743,1.73
2002-02-01,1.1363636363636465,1.74
2002-03-01,1.3628620102214661,1.73
2002-04-01,1.643990929705219,1.75
2002-05-01,1.2408347433727984,1.75
2002-06-01,1.0692177827799743,1.75
2002-07-01,1.465614430665152,1.73
2002-08-01,1.747463359639223,1.74
2002-09-01,1.516002245929271,1.75
2002-10-01,2.0270270270270174,1.75
2002-11-01,2.2535211267605604,1.34
2002-12-01,2.4802705749718212,1.24
2003-01-01,2.757456387169399,1.24
2003-02-01,3.146067415730336,1.26
2003-03-01,3.025210084033625,1.25
2003-04-01,2.175125488008911,1.26
2003-05-01,1.8941504178273005,1.26
2003-06-01,1.948775055679297,1.22
2003-07-01,2.055555555555544,1.01
2003-08-01,2.216066481994461,1.03
2003-09-01,2.378318584070782,1.01
2003-10-01,2.041942604856528,1.01
2003-11-01,1.9283746556473913,1.0
2003-12-01,2.0352035203520247,0.98
2004-01-01,2.026286966046009,1.0
2004-02-01,1.688453159041381,1.01
2004-03-01,1.7400761283306032,1.0
2004-04-01,2.2925764192139875,1.0
2004-05-01,2.8977583378895444,1.0
2004-06-01,3.1676679410158393,1.03
2004-07-01,2.939575394665228,1.26
2004-08-01,2.5474254742547275,1.43
2004-09-01,2.5391680172879516,1.61
2004-10-01,3.1909140075716547,1.76
2004-11-01,3.621621621621607,1.93
2004-12-01,3.3423180592991875,2.16
2005-01-01,2.8448738593666034,2.28
2005-02-01,3.0530262453133394,2.5
2005-03-01,3.2068412613575736,2.63
2005-04-01,3.3617929562433257,2.79
2005-05-01,2.869287991498415,3.0
2005-06-01,2.541026998411855,3.04
2005-07-01,3.067160232681121,3.26
2005-08-01,3.6469344608879517,3.5
2005-09-01,4.741833508956805,3.62
2005-10-01,4.350104821802936,3.78
2005-11-01,3.3385498174230532,4.0
2005-12-01,3.3385498174230532,4.16
2006-01-01,4.018789144050117,4.29
2006-02-01,3.63825363825363,4.49
2006-03-01,3.4179181771103018,4.59
2006-04-01,3.613835828600931,4.79
2006-05-01,3.9772727272727293,4.94
2006-06-01,4.1817243159525175,4.99
2006-07-01,4.104669061056954,5.24
2006-08-01,3.926568077511483,5.25
2006-09-01,2.012072434607637,5.25
2006-10-01,1.4063284781516971,5.25
2006-11-01,1.9687026754164672,5.25
2006-12-01,2.5239777889954462,5.24
2007-01-01,2.075765178123423,5.25
2007-02-01,2.420260782347028,5.26
2007-03-01,2.798197295943927,5.26
2007-04-01,2.5929247633283525,5.25
2007-05-01,2.709885742672613,5.25
2007-06-01,2.692765113974227,5.25
2007-07-01,2.3178905864958077,5.26
2007-08-01,1.897448478900876,5.02
2007-09-01,2.8338264299802685,4.94
2007-10-01,3.610698365527476,4.76
2007-11-01,4.373267326732666,4.49
2007-12-01,4.108813392417532,4.24
2008-01-01,4.294695655165981,3.94
2008-02-01,4.142959270611968,2.98
2008-03-01,3.9749035501344343,2.61
2008-04-01,3.9037609759888126,2.28
2008-05-01,4.088413823123993,1.98
2008-06-01,4.935966105947864,2.0
2008-07-01,5.497512078341837,2.01
2008-08-01,5.308017162091239,2.0
2008-09-01,4.953319875136075,1.81
2008-10-01,3.7310578899565128,0.97
2008-11-01,1.0999174706166848,0.39
2008-12-01,-0.02222800255385904,0.16
2009-01-01,-0.11358601902212717,0.15
2009-02-01,0.008463140671510772,0.22
2009-03-01,-0.4464787676623838,0.18
2009-04-01,-0.5763244243767063,0.15
2009-05-01,-1.015761495855172,0.18
2009-06-01,-1.2291746182109153,0.21
2009-07-01,-1.9587610037622771,0.16
2009-08-01,-1.4838355663267633,0.16
2009-09-01,-1.377942862886472,0.15
2009-10-01,-0.22396829420033848,0.12
2009-11-01,1.9145871744709275,0.12
2009-12-01,2.8141231232083674,0.12
2010-01-01,2.6211113889767157,0.11
2010-02-01,2.151336357866529,0.13
2010-03-01,2.2861714393279886,0.16
2010-04-01,2.2067707525304403,0.2
2010-05-01,2.003548929218568,0.2
2010-06-01,1.1215605940686268,0.18
2010-07-01,1.3407784804821077,0.18
2010-08-01,1.1501775395112546,0.19
2010-09-01,1.1183122472331775,0.19
2010-10-01,1.1666951489314625,0.19
2010-11-01,1.084544776600338,0.19
2010-12-01,1.437793022217937,0.18
2011-01-01,1.7007834915029774,0.17
2011-02-01,2.124898173333145,0.16
2011-03-01,2.619241510354109,0.14
2011-04-01,3.0772344447868694,0.1
2011-05-01,3.4589718808964998,0.09
2011-06-01,3.5023181506360412,0.09
2011-07-01,3.5798809769996165,0.07
2011-08-01,3.75499603070808,0.1
2011-09-01,3.812621692818685,0.08
2011-10-01,3.5222681306640524,0.07
2011-11-01,3.451432214581729,0.08
2011-12-01,3.062066838419386,0.07
2012-01-01,3.0087663379855023,0.08
2012-02-01,2.8981784423473878,0.1
2012-03-01,2.5828752813320977,0.13
2012-04-01,2.2731633741348567,0.14
2012-05-01,1.7379429374660749,0.16
2012-06-01,1.653870448297634,0.16
2012-07-01,1.4175114798464783,0.16
2012-08-01,1.6859349154821235,0.13
2012-09-01,1.9497168982819613,0.14
2012-10-01,2.1556780595369363,0.16
2012-11-01,1.7960197033926262,0.16
2012-12-01,1.7595049796895523,0.16
2013-01-01,1.684061762098299,0.14
2013-02-01,2.0181404902574807,0.15
2013-03-01,1.5187472411246183,0.14
2013-04-01,1.138808047576867,0.15
2013-05-01,1.3903888279197085,0.11
2013-06-01,1.7157935271568725,0.09
2013-07-01,1.885471805415806,0.09
2013-08-01,1.538809488600279,0.08
2013-09-01,1.0947341081747997,0.08
2013-10-01,0.8767991434911471,0.09
2013-11-01,1.2328701961954458,0.08
2013-12-01,1.5128383667573297,0.09
2014-01-01,1.557758795574915,0.07
2014-02-01,1.1204746347724948,0.07
2014-03-01,1.6126949139408042,0.08
2014-04-01,2.015125303606169,0.09
2014-05-01,2.166947687079812,0.09
2014-06-01,2.0589816945944195,0.1
2014-07-01,1.9742378703305974,0.09
2014-08-01,1.7150983482969062,0.09
2014-09-01,1.6840509711232077,0.09
2014-10-01,1.6095417021513292,0.09
2014-11-01,1.231524989320798,0.09
2014-12-01,0.6531213919623191,0.12
2015-01-01,-0.22993097820542818,0.11
2015-02-01,-0.08703146293520536,0.11
2015-03-01,-0.022031284423873476,0.11
2015-04-01,-0.10403098939391064,0.12
2015-05-01,0.03503321824429584,0.12
2015-06-01,0.1795718097550525,0.13
2015-07-01,0.22568611104094582,0.13
2015-08-01,0.2413037985344868,0.14
2015-09-01,0.008842961634170088,0.14
2015-10-01,0.12761656067050708,0.12
2015-11-01,0.4363182169185187,0.12
2015-12-01,0.6387247515364791,0.24
2016-01-01,1.2375025026943876,0.34
2016-02-01,0.8472775790126619,0.38
2016-03-01,0.8916160965521946,0.36
2016-04-01,1.1726257503534843,0.37
2016-05-01,1.0784764621246223,0.37
2016-06-01,1.0792865347959424,0.38
2016-07-01,0.8683633430518256,0.39
2016-08-01,1.0553158595656864,0.4
2016-09-01,1.5486446201652182,0.4
2016-10-01,1.685924966243646,0.4
2016-11-01,1.6843334719788938,0.41
2016-12-01,2.0507989115119862,0.54
2017-01-01,2.5103933482571117,0.65
2017-02-01,2.8103616813294208,0.66
2017-03-01,2.44119623655914,0.79
2017-04-01,2.176223471915395,0.9
2017-05-01,1.8563431667619756,0.91
2017-06-01,1.640565809959127,1.04
2017-07-01,1.7251073506566073,1.15
2017-08-01,1.92812155729698,1.16
2017-09-01,2.1805652303711787,1.15
2017-10-01,2.020757753132485,1.15
2017-11-01,2.172493864295566,1.16
2017-12-01,2.129930719552253,1.3
2018-01-01,2.151318868063945,1.41
2018-02-01,2.263468931091861,1.42
2018-03-01,2.3309497646499366,1.51
2018-04-01,2.4709963021052994,1.69
2018-05-01,2.781921607842497,1.7
2018-06-01,2.8075506935940187,1.82
2018-07-01,2.854124785561929,1.91
2018-08-01,2.6429238568742575,1.91
2018-09-01,2.332055105808828,1.95
2018-10-01,2.492032470218053,2.19
2018-11-01,2.147328577667773,2.2
2018-12-01,2.0023809043401064,2.27
2019-01-01,1.4875893578291333,2.4
2019-02-01,1.5188615351321877,2.4
2019-03-01,1.8831863513063984,2.41
2019-04-01,2.000583470209061,2.42
2019-05-01,1.7959105553606136,2.39
2019-06-01,1.671194894390049,2.38
2019-07-01,1.826331335037068,2.4
2019-08-01,1.7376412106666406,2.13
2019-09-01,1.6844977040391562,2.04
2019-10-01,1.7339736996186295,1.83
2019-11-01,2.092290394862917,1.55
2019-12-01,2.3195274699624457,1.55
2020-01-01,2.599767976845202,1.55
2020-02-01,2.3413166797595197,1.58
2020-03-01,1.4940399642909163,0.65
2020-04-01,0.3130472940411133,0.05
2020-05-01,0.1982013035848551,0.05
2020-06-01,0.7166562831830481,0.08
2020-07-01,0.9968647625897997,0.09
2020-08-01,1.2810698495523853,0.1
2020-09-01,1.3910228912373812,0.09
2020-10-01,1.2303863428671624,0.09
2020-11-01,1.1757452138405844,0.09
2020-12-01,1.3204191315779434,0.09
2021-01-01,1.3738437137002402,0.09
2021-02-01,1.6698167791706853,0.08
2021-03-01,2.6678187820641908,0.07
2021-04-01,4.133077115360573,0.07
2021-05-01,4.918257089467626,0.06
2021-06-01,5.295632620349999,0.08
2021-07-01,5.245169381309234,0.1
2021-08-01,5.152015301793966,0.09
2021-09-01,5.351215590949132,0.08
2021-10-01,6.235042390298062,0.08
2021-11-01,6.901970403700863,0.08
2021-12-01,7.174340285065539,0.08
2022-01-01,7.558805726967832,0.08
2022-02-01,7.937278766517819,0.08
2022-03-01,8.572204966013853,0.2
2022-04-01,8.231750770777225,0.33
2022-05-01,8.538171195642065,0.77
2022-06-01,8.979361103105798,1.21
2022-07-01,8.462576727730099,1.68
2022-08-01,8.222579178218826,2.33
2022-09-01,8.192106896425821,2.56
2022-10-01,7.758813957693,3.08
2022-11-01,7.122856456533988,3.78
2022-12-01,6.404600402357152,4.1
2023-01-01,6.327178517960097,4.33
2023-02-01,5.957820738137087,4.57
2023-03-01,4.917719362889961,4.65
2023-04-01,4.950079879124369,4.83
2023-05-01,4.131851231385042,5.06
2023-06-01,3.070617072997095,5.08
2023-07-01,3.287749268428297,5.12
2023-08-01,3.722504803505289,5.33
2023-09-01,3.687206638119256,5.33
2023-10-01,3.2512659098611785,5.33
2023-11-01,3.1333462745911866,5.33
2023-12-01,3.3159099427102934,5.33
2024-01-01,3.0883429864855705,5.33
2024-02-01,3.157074141648697,5.33
2024-03-01,3.4868349120836584,5.33
2024-04-01,3.3607951262196734,5.33
2024-05-01,3.244278584003113,5.33
2024-06-01,2.9702579486470926,5.33
2024-07-01,2.9414757935583014,5.33
2024-08-01,2.607144490692037,5.33
2024-09-01,2.4264830315416708,5.13
2024-10-01,2.578844053871343,4.83
2024-11-01,2.719472461284833,4.64
2024-12-01,2.870690967509981,4.48
2025-01-01,2.9909783078999608,4.33
2025-02-01,2.8015834477613355,4.33
2025-03-01,2.381981462805549,4.33
2025-04-01,2.32538823025783,4.33
2025-05-01,2.3772651073680873,4.33
2025-06-01,2.680453865910226,4.33
2025-07-01,2.742618052167134,4.33
2025-08-01,2.9385917430316155,4.33
2025-09-01,3.0225715847133294,4.22
2025-11-01,2.988299628363511,3.88
2025-12-01,3.00226204316838,3.72
2026-01-01,2.8286797395498997,3.64
2026-02-01,2.6645890876940914,3.64
2026-03-01,3.3202055812236786,3.64
2026-04-01,3.9470269087042764,3.64
2026-05-01,4.270032656680245,3.63
2026-06-01,3.7265298484186804,3.63
2026-07-01,3.5397514271936714,3.63
2026-08-01,3.7129581058388483,3.63
